{
  "model_type": "Gradient Boosting",
  "n_estimators": 200,
  "feature_importances": [
    0.6999147485080988,
    2.9399501776591856e-16,
    0.0,
    0.0,
    0.0,
    0.0,
    0.0,
    0.0,
    0.0,
    6.784500409982736e-18,
    0.3000852514919009,
    1.311670079263329e-16,
    0.0,
    0.0,
    -6.784500409982736e-18,
    0.0
  ],
  "classes": [
    0,
    1
  ]
}