{
  "mean_": [
    0.21071863580998637,
    0.489281364190012,
    0.2580998781973208,
    0.0730816077953715,
    0.30889159561510526,
    0.001218026796589525,
    0.040194884287454324,
    0.02338611449451885,
    0.0036540803897685747,
    0.7635809987819735,
    0.46638246041412956,
    0.03678440925700357,
    0.35200974421437176,
    0.1004872107186353,
    0.014616321559074299,
    0.24360535931790234
  ],
  "scale_": [
    0.11072607235751841,
    0.20883551624169844,
    0.1382800024821562,
    0.26027041014570973,
    0.3894858901814527,
    0.034878979447689015,
    0.19641602675080264,
    0.08042962139165517,
    0.04872350785627587,
    0.20338509181044767,
    0.11098142577269823,
    0.08116921799165563,
    0.1220470143734539,
    0.013951591779075491,
    0.12001118574181344,
    0.32957901049868166
  ],
  "var_": [
    0.012260263099722403,
    0.04361227284393669,
    0.019121359086465124,
    0.06774068639741597,
    0.15169925865043862,
    0.0012165432073123126,
    0.038579255564572014,
    0.0064689239972049945,
    0.0023739802178205766,
    0.04136549557074423,
    0.012316876866540928,
    0.0065884419493769135,
    0.014895473717474062,
    0.00019464691316996684,
    0.014402684703156044,
    0.10862232416129011
  ]
}